vehicle,file,start_time,end_time,duration_hours,driving_minutes,odometer_start,soc_start,soc_end,soc_used,distance_km,avg_speed,max_speed,pct_ac_on,avg_accel_xy,max_accel_xy,avg_altitude,altitude_range,implied_range_km
DL52GD9509,tataraw-DL52GD9509-gps-2026-07-08-to-2026-08-07.csv,2026-07-08 10:50:00,2026-07-08 17:30:00,6.666666666666667,335,2633.0,98.0,15.0,83.0,167.0,29.955223880597014,79.0,100.0,0.6578801598911924,2.600173071162764,221.52238805970148,112.0,201.20481927710844
DL52GD9509,tataraw-DL52GD9509-gps-2026-07-08-to-2026-08-07.csv,2026-07-09 10:40:00,2026-07-09 16:55:00,6.25,310,2943.0,99.0,47.0,52.0,109.0,21.516129032258064,76.0,100.0,0.6030503008821241,3.240246904172582,207.1290322580645,38.0,209.6153846153846
DL52GD9509,tataraw-DL52GD9509-gps-2026-07-08-to-2026-08-07.csv,2026-07-12 15:00:00,2026-07-12 20:20:00,5.333333333333333,220,3508.0,89.0,16.0,73.0,132.0,35.43181818181818,76.0,100.0,0.5588027986593589,1.477057886475679,212.95454545454547,53.0,180.82191780821915
DL52GD9509,tataraw-DL52GD9509-gps-2026-07-08-to-2026-08-07.csv,2026-07-13 12:20:00,2026-07-13 18:15:00,5.916666666666667,310,3789.0,95.0,20.0,75.0,157.0,27.677419354838708,76.0,100.0,0.8132261439669903,3.8305091045447206,204.30645161290323,67.0,209.33333333333331
DL52GD9509,tataraw-DL52GD9509-gps-2026-07-08-to-2026-08-07.csv,2026-07-14 10:50:00,2026-07-14 17:25:00,6.583333333333333,365,4062.0,86.0,14.0,72.0,161.0,24.301369863013697,75.0,100.0,0.6082351948085817,2.889792380085462,204.8082191780822,60.0,223.61111111111111
DL52GD9509,tataraw-DL52GD9509-gps-2026-07-08-to-2026-08-07.csv,2026-07-15 10:20:00,2026-07-15 18:10:00,7.833333333333333,400,4333.0,95.0,10.0,85.0,124.0,15.9625,64.0,100.0,0.6143562130630631,3.2123822935634543,211.05,52.0,145.88235294117646
DL52GD9509,tataraw-DL52GD9509-gps-2026-07-08-to-2026-08-07.csv,2026-07-15 21:55:00,2026-07-16 04:40:00,6.75,135,4457.0,100.0,65.0,35.0,63.0,24.40740740740741,74.0,100.0,0.6346206250450048,2.17,204.7037037037037,17.0,180.0
DL52GD9509,tataraw-DL52GD9509-gps-2026-07-08-to-2026-08-07.csv,2026-07-17 20:40:00,2026-07-18 03:20:00,6.666666666666667,370,4885.0,76.0,4.0,72.0,180.0,30.37837837837838,75.0,100.0,0.8128013861568592,5.312118221576022,211.6891891891892,43.0,250.0
DL52GD9509,tataraw-DL52GD9509-gps-2026-07-08-to-2026-08-07.csv,2026-07-21 11:15:00,2026-07-21 17:45:00,6.5,320,5531.0,84.0,28.0,56.0,132.0,23.515625,77.0,100.0,0.7223789757814313,7.401418782909126,215.890625,36.0,235.71428571428572
DL52GD9509,tataraw-DL52GD9509-gps-2026-07-08-to-2026-08-07.csv,2026-07-24 02:45:00,2026-07-24 10:25:00,7.666666666666667,415,6119.0,79.0,6.0,73.0,140.0,17.96385542168675,70.0,100.0,0.6787033372226662,3.59,210.6024096385542,41.0,191.7808219178082
DL52GD9509,tataraw-DL52GD9509-gps-2026-07-08-to-2026-08-07.csv,2026-07-25 11:35:00,2026-07-25 18:10:00,6.583333333333333,340,6557.0,95.0,28.0,67.0,136.0,22.102941176470587,78.0,100.0,0.6714404114881493,4.06,220.66176470588235,98.0,202.98507462686567
DL52GD9509,tataraw-DL52GD9509-gps-2026-07-08-to-2026-08-07.csv,2026-08-01 11:50:00,2026-08-01 19:05:00,7.25,360,8193.0,79.0,22.0,57.0,105.0,16.11111111111111,76.0,100.0,0.6650467637019404,3.9485693611737402,224.16666666666666,68.0,184.21052631578948
DL52GD9509,tataraw-DL52GD9509-gps-2026-07-08-to-2026-08-07.csv,2026-08-06 12:55:00,2026-08-06 18:10:00,5.25,260,9643.0,71.0,32.0,39.0,74.0,16.346153846153847,59.0,100.0,0.6007192424821199,2.61,221.98076923076923,69.0,189.74358974358972
DL52GD9509,tataraw-DL52GD9509-gps-2026-07-08-to-2026-08-07.csv,2026-08-07 10:35:00,2026-08-07 18:05:00,7.5,355,9826.0,100.0,39.0,61.0,125.0,19.774647887323944,68.0,100.0,0.5973676413327796,2.5206745129032426,204.66197183098592,42.0,204.91803278688522
DL52GD9513,tataraw-DL52GD9513-gps-2026-07-08-to-2026-08-07.csv,2026-07-10 01:40:01,2026-07-10 08:55:01,7.25,400,3004.0,100.0,25.0,75.0,148.0,20.525,78.0,100.0,0.7669307843375427,4.4,223.9875,54.0,197.33333333333334
DL52GD9513,tataraw-DL52GD9513-gps-2026-07-08-to-2026-08-07.csv,2026-07-13 09:30:01,2026-07-13 16:50:01,7.333333333333333,110,3763.0,98.0,70.0,28.0,63.0,32.68181818181818,75.0,100.0,0.7408972602388549,2.591100152444903,198.9090909090909,13.0,225.0
DL52GD9513,tataraw-DL52GD9513-gps-2026-07-08-to-2026-08-07.csv,2026-07-14 01:50:01,2026-07-14 09:30:01,7.666666666666667,435,3827.0,100.0,20.0,80.0,139.0,17.24137931034483,60.0,100.0,0.6530195301643963,3.9616410741004797,216.44827586206895,55.0,173.75
DL52GD9513,tataraw-DL52GD9513-gps-2026-07-08-to-2026-08-07.csv,2026-07-14 11:00:01,2026-07-14 17:45:01,6.75,330,3966.0,86.0,31.0,55.0,98.0,15.181818181818182,67.0,100.0,0.5401229402580656,4.200023809456323,208.0,88.0,178.1818181818182
DL52GD9513,tataraw-DL52GD9513-gps-2026-07-08-to-2026-08-07.csv,2026-07-15 11:15:02,2026-07-15 16:05:02,4.833333333333333,245,4219.0,62.0,23.0,39.0,52.0,12.387755102040817,44.0,100.0,0.47877007817977785,3.12,203.75510204081633,28.0,133.33333333333331
DL52GD9513,tataraw-DL52GD9513-gps-2026-07-08-to-2026-08-07.csv,2026-07-16 11:10:01,2026-07-16 18:45:01,7.583333333333333,325,4418.0,71.0,4.0,67.0,121.0,24.446153846153845,73.0,100.0,0.694230602994634,3.42,229.24615384615385,107.0,180.59701492537314
DL52GD9513,tataraw-DL52GD9513-gps-2026-07-08-to-2026-08-07.csv,2026-07-17 12:05:01,2026-07-17 17:45:01,5.666666666666667,150,4705.0,74.0,40.0,34.0,58.0,21.5,77.0,100.0,0.6901831794801842,3.1202083263782243,207.7,24.0,170.58823529411765
DL52GD9513,tataraw-DL52GD9513-gps-2026-07-08-to-2026-08-07.csv,2026-07-18 11:15:01,2026-07-18 16:50:01,5.583333333333333,260,4941.0,79.0,29.0,50.0,82.0,16.846153846153847,75.0,100.0,0.6611786760832233,5.905285767852392,208.90384615384616,42.0,164.0
DL52GD9513,tataraw-DL52GD9513-gps-2026-07-08-to-2026-08-07.csv,2026-07-19 08:10:01,2026-07-19 10:20:01,2.1666666666666665,30,5181.0,18.0,7.0,11.0,12.0,26.333333333333332,55.0,100.0,0.34253072900381887,0.9569221493935649,186.83333333333334,7.0,109.09090909090908
DL52GD9513,tataraw-DL52GD9513-gps-2026-07-08-to-2026-08-07.csv,2026-07-19 11:50:01,2026-07-19 16:55:01,5.083333333333333,265,5193.0,91.0,34.0,57.0,87.0,19.830188679245282,77.0,100.0,0.7620267059362482,6.13401173784335,206.9056603773585,51.0,152.63157894736844
DL52GD9513,tataraw-DL52GD9513-gps-2026-07-08-to-2026-08-07.csv,2026-07-25 21:35:01,2026-07-26 03:15:01,5.666666666666667,195,5839.0,79.0,39.0,40.0,113.0,32.51282051282051,69.0,100.0,0.5452248260092561,2.29,202.48717948717947,56.0,282.5
DL52GD9513,tataraw-DL52GD9513-gps-2026-07-08-to-2026-08-07.csv,2026-08-01 09:55:01,2026-08-01 17:20:00,7.416388888888889,305,7367.0,90.0,45.0,45.0,102.0,18.737704918032787,58.0,100.0,0.5270777839029345,2.97,216.18032786885246,58.0,226.66666666666666
DL52GD9513,tataraw-DL52GD9513-gps-2026-07-08-to-2026-08-07.csv,2026-08-02 01:25:00,2026-08-02 05:35:00,4.166666666666667,245,7479.0,62.0,28.0,34.0,85.0,19.285714285714285,71.0,100.0,0.48067385039138577,2.13,225.42857142857142,81.0,250.0
DL52GD9514,tataraw-DL52GD9514-gps-2026-07-08-to-2026-08-07.csv,2026-07-12 12:35:00,2026-07-12 18:10:01,5.583611111111111,180,3416.0,71.0,43.0,28.0,50.0,18.833333333333332,51.0,100.0,0.3088916769122592,1.413258645825314,203.11111111111111,20.0,178.57142857142858
DL52GD9514,tataraw-DL52GD9514-gps-2026-07-08-to-2026-08-07.csv,2026-07-14 13:40:00,2026-07-14 20:45:00,7.083333333333333,215,3720.0,83.0,48.0,35.0,70.0,18.25581395348837,68.0,100.0,0.3489762405471048,1.828332573685652,214.3953488372093,57.0,200.0
DL52GD9514,tataraw-DL52GD9514-gps-2026-07-08-to-2026-08-07.csv,2026-07-16 14:15:00,2026-07-16 19:05:00,4.833333333333333,230,4107.0,55.0,15.0,40.0,109.0,27.782608695652176,65.0,100.0,0.3851158081889921,2.2167769396130046,211.41304347826087,54.0,272.5
DL52GD9514,tataraw-DL52GD9514-gps-2026-07-08-to-2026-08-07.csv,2026-07-17 02:30:01,2026-07-17 09:55:00,7.416388888888889,325,4216.0,85.0,25.0,60.0,138.0,24.56923076923077,71.0,100.0,0.45247387393482663,2.44,213.2,43.0,229.99999999999997
DL52GD9514,tataraw-DL52GD9514-gps-2026-07-08-to-2026-08-07.csv,2026-07-19 11:50:01,2026-07-19 18:45:01,6.916666666666667,265,4865.0,83.0,40.0,43.0,110.0,25.169811320754718,71.0,100.0,0.39770916450180427,2.4209502266672067,205.83018867924528,50.0,255.8139534883721
DL52GD9514,tataraw-DL52GD9514-gps-2026-07-08-to-2026-08-07.csv,2026-07-20 23:55:01,2026-07-21 07:35:00,7.666388888888889,335,5281.0,77.0,36.0,41.0,111.0,15.925373134328359,72.0,100.0,0.2924062547330626,1.2666885963013956,209.16417910447763,45.0,270.7317073170732
DL52GD9514,tataraw-DL52GD9514-gps-2026-07-08-to-2026-08-07.csv,2026-07-22 11:10:01,2026-07-22 18:30:04,7.3341666666666665,350,5759.0,89.0,38.0,51.0,116.0,18.214285714285715,60.0,100.0,0.3670920706957032,2.277410810547803,223.04285714285714,93.0,227.45098039215685
DL52GD9514,tataraw-DL52GD9514-gps-2026-07-08-to-2026-08-07.csv,2026-07-23 04:20:01,2026-07-23 12:15:01,7.916666666666667,375,5876.0,98.0,36.0,62.0,150.0,26.24,73.0,100.0,0.45318292601753335,2.320775732379154,211.92,107.0,241.93548387096774
DL52GD9514,tataraw-DL52GD9514-gps-2026-07-08-to-2026-08-07.csv,2026-07-23 13:30:01,2026-07-23 19:15:00,5.749722222222222,215,6026.0,92.0,62.0,30.0,71.0,21.11627906976744,74.0,100.0,0.38049686490532036,1.9547889911701466,206.90697674418604,34.0,236.66666666666666
DL52GD9514,tataraw-DL52GD9514-gps-2026-07-08-to-2026-08-07.csv,2026-07-25 02:10:01,2026-07-25 08:05:01,5.916666666666667,235,6380.0,63.0,28.0,35.0,82.0,17.680851063829788,62.0,100.0,0.3284964435963573,1.5831929762350516,206.48936170212767,43.0,234.2857142857143
DL52GD9514,tataraw-DL52GD9514-gps-2026-07-08-to-2026-08-07.csv,2026-07-25 09:05:01,2026-07-25 13:10:01,4.083333333333333,175,6462.0,86.0,55.0,31.0,79.0,24.942857142857143,60.0,100.0,0.5921220833059894,3.96,217.31428571428572,47.0,254.83870967741936
DL52GD9514,tataraw-DL52GD9514-gps-2026-07-08-to-2026-08-07.csv,2026-07-26 11:35:00,2026-07-26 16:15:01,4.666944444444445,240,6724.0,97.0,68.0,29.0,62.0,15.375,42.0,100.0,0.2972338598297867,1.2509996003196804,211.5625,44.0,213.79310344827584
DL52GD9514,tataraw-DL52GD9514-gps-2026-07-08-to-2026-08-07.csv,2026-07-27 01:30:01,2026-07-27 09:15:00,7.749722222222222,425,6787.0,97.0,25.0,72.0,143.0,18.894117647058824,74.0,100.0,0.4050098558749892,4.0,205.4,73.0,198.61111111111111
DL52GD9514,tataraw-DL52GD9514-gps-2026-07-08-to-2026-08-07.csv,2026-08-01 08:05:00,2026-08-01 09:25:00,1.3333333333333333,20,8383.0,49.0,44.0,5.0,10.0,35.75,63.0,100.0,0.7752200022521254,1.4208800090085016,195.25,14.0,200.0
DL52GD9514,tataraw-DL52GD9514-gps-2026-07-08-to-2026-08-07.csv,2026-08-03 09:15:00,2026-08-03 10:00:01,0.7502777777777778,35,8882.0,80.0,70.0,10.0,19.0,28.285714285714285,44.0,100.0,0.5255249232570898,1.5,201.14285714285714,9.0,190.0
DL52GD9514,tataraw-DL52GD9514-gps-2026-07-08-to-2026-08-07.csv,2026-08-04 06:10:00,2026-08-04 11:35:01,5.416944444444445,260,9166.0,91.0,51.0,40.0,76.0,17.346153846153847,73.0,100.0,0.4972752006690409,1.5769590990257167,206.34615384615384,27.0,190.0
DL52GD9514,tataraw-DL52GD9514-gps-2026-07-08-to-2026-08-07.csv,2026-08-04 20:50:01,2026-08-05 01:10:00,4.333055555555555,200,9374.0,70.0,28.0,42.0,107.0,28.25,61.0,100.0,0.42849858898030474,1.6868017073740469,204.4,69.0,254.76190476190476
DL52GD9514,tataraw-DL52GD9514-gps-2026-07-08-to-2026-08-07.csv,2026-08-06 12:55:00,2026-08-06 19:00:00,6.083333333333333,290,9776.0,84.0,36.0,48.0,116.0,20.724137931034484,67.0,100.0,0.3670644967106203,2.1,216.05172413793105,61.0,241.66666666666666
DL52GD9514,tataraw-DL52GD9514-gps-2026-07-08-to-2026-08-07.csv,2026-08-06 19:40:01,2026-08-07 02:25:00,6.749722222222222,270,9898.0,82.0,31.0,51.0,150.0,31.27777777777778,67.0,100.0,0.4128844657832735,1.871095935541521,204.42592592592592,238.0,294.11764705882354
DL52GD9514,tataraw-DL52GD9514-gps-2026-07-08-to-2026-08-07.csv,2026-08-07 07:30:01,2026-08-07 14:05:01,6.583333333333333,305,10060.0,56.0,9.0,47.0,97.0,14.98360655737705,75.0,100.0,0.4263115089906487,2.6566332076521215,224.9672131147541,41.0,206.38297872340425
DL52GD9514,tataraw-DL52GD9514-gps-2026-07-08-to-2026-08-07.csv,2026-08-07 14:55:00,2026-08-07 18:25:01,3.500277777777778,150,10157.0,81.0,53.0,28.0,51.0,16.366666666666667,53.0,100.0,0.28171854538253044,1.4700340132119392,219.6,37.0,182.14285714285714
DL52GD9519,tataraw-DL52GD9519-gps-2026-07-08-to-2026-08-07.csv,2026-07-08 11:55:00,2026-07-08 18:25:00,6.5,230,2825.0,67.0,32.0,35.0,74.0,20.52173913043478,67.0,100.0,0.41845772290895056,1.94,223.6086956521739,71.0,211.42857142857144
DL52GD9519,tataraw-DL52GD9519-gps-2026-07-08-to-2026-08-07.csv,2026-07-09 02:40:00,2026-07-09 10:05:00,7.416666666666667,430,2902.0,85.0,13.0,72.0,168.0,24.686046511627907,70.0,100.0,0.4008527951549813,2.1273457640919586,218.87209302325581,277.0,233.33333333333334
DL52GD9519,tataraw-DL52GD9519-gps-2026-07-08-to-2026-08-07.csv,2026-07-12 11:30:01,2026-07-12 18:10:00,6.666388888888889,310,3601.0,77.0,32.0,45.0,90.0,17.596774193548388,77.0,100.0,0.38150185520252056,2.6909106265351883,204.75806451612902,20.0,200.0
DL52GD9519,tataraw-DL52GD9519-gps-2026-07-08-to-2026-08-07.csv,2026-07-14 10:35:00,2026-07-14 17:25:00,6.833333333333333,135,4216.0,42.0,18.0,24.0,54.0,23.59259259259259,60.0,100.0,0.2849473707309658,0.97,215.88888888888889,93.0,225.0
DL52GD9519,tataraw-DL52GD9519-gps-2026-07-08-to-2026-08-07.csv,2026-07-17 02:35:00,2026-07-17 10:20:00,7.75,350,4798.0,100.0,37.0,63.0,127.0,21.457142857142856,77.0,100.0,0.2723377212171711,2.11,213.87142857142857,41.0,201.58730158730157
DL52GD9519,tataraw-DL52GD9519-gps-2026-07-08-to-2026-08-07.csv,2026-07-17 11:25:00,2026-07-17 17:45:00,6.333333333333333,340,4925.0,92.0,45.0,47.0,106.0,19.352941176470587,55.0,100.0,0.3908260649064895,2.4876092940813677,214.36764705882354,68.0,225.531914893617
DL52GD9519,tataraw-DL52GD9519-gps-2026-07-08-to-2026-08-07.csv,2026-07-18 11:35:00,2026-07-18 18:25:00,6.833333333333333,210,5213.0,81.0,46.0,35.0,82.0,21.452380952380953,70.0,100.0,0.40413922812276165,1.7407182425654073,215.04761904761904,42.0,234.2857142857143
DL52GD9519,tataraw-DL52GD9519-gps-2026-07-08-to-2026-08-07.csv,2026-07-19 13:00:00,2026-07-19 18:50:00,5.833333333333333,240,5492.0,78.0,34.0,44.0,113.0,29.520833333333332,73.0,100.0,0.35803712453896175,1.82,202.02083333333334,67.0,256.8181818181818
DL52GD9519,tataraw-DL52GD9519-gps-2026-07-08-to-2026-08-07.csv,2026-07-23 11:40:01,2026-07-23 19:15:00,7.583055555555555,375,6351.0,83.0,24.0,59.0,142.0,23.28,67.0,100.0,0.46536162110392854,2.87,219.8,48.0,240.6779661016949
DL52GD9519,tataraw-DL52GD9519-gps-2026-07-08-to-2026-08-07.csv,2026-07-23 19:55:00,2026-07-23 23:30:00,3.5833333333333335,130,6493.0,63.0,28.0,35.0,84.0,39.0,78.0,100.0,0.4587298658574033,2.108885961829136,211.15384615384616,52.0,240.0
DL52GD9519,tataraw-DL52GD9519-gps-2026-07-08-to-2026-08-07.csv,2026-07-24 20:30:01,2026-07-25 00:45:00,4.249722222222222,225,6864.0,95.0,42.0,53.0,106.0,25.4,74.0,100.0,0.3803490008433024,2.5709531306501874,208.82222222222222,56.0,200.0
DL52GD9519,tataraw-DL52GD9519-gps-2026-07-08-to-2026-08-07.csv,2026-07-25 00:55:00,2026-07-25 05:50:00,4.916666666666667,185,6972.0,73.0,41.0,32.0,71.0,22.10810810810811,74.0,100.0,0.27469338699579,1.5731814898478815,206.32432432432432,23.0,221.875
DL52GD9519,tataraw-DL52GD9519-gps-2026-07-08-to-2026-08-07.csv,2026-07-25 22:20:00,2026-07-26 03:15:00,4.916666666666667,190,7200.0,73.0,22.0,51.0,99.0,31.973684210526315,76.0,100.0,0.6185328498082195,4.57,208.18421052631578,52.0,194.11764705882354
DL52GD9519,tataraw-DL52GD9519-gps-2026-07-08-to-2026-08-07.csv,2026-07-26 22:05:00,2026-07-27 02:50:00,4.75,270,7461.0,72.0,21.0,51.0,126.0,34.25925925925926,75.0,100.0,0.25611843086504626,2.38,204.59259259259258,42.0,247.05882352941177
DL52GD9519,tataraw-DL52GD9519-gps-2026-07-08-to-2026-08-07.csv,2026-08-01 20:10:00,2026-08-02 03:00:00,6.833333333333333,240,9155.0,71.0,25.0,46.0,119.0,28.583333333333332,71.0,100.0,0.36750959247109305,2.15,208.5,241.0,258.69565217391306
DL52GD9519,tataraw-DL52GD9519-gps-2026-07-08-to-2026-08-07.csv,2026-08-02 03:45:00,2026-08-02 09:25:00,5.666666666666667,335,9274.0,85.0,32.0,53.0,107.0,17.37313432835821,62.0,100.0,0.3534253177249248,2.33,218.56716417910448,75.0,201.8867924528302
DL52GD9519,tataraw-DL52GD9519-gps-2026-07-08-to-2026-08-07.csv,2026-08-05 00:55:00,2026-08-05 07:05:00,6.166666666666667,340,9913.0,81.0,35.0,46.0,123.0,21.691176470588236,65.0,100.0,0.34163003105132544,1.86,212.98529411764707,55.0,267.39130434782606
DL52GD9519,tataraw-DL52GD9519-gps-2026-07-08-to-2026-08-07.csv,2026-08-06 15:25:00,2026-08-06 21:25:00,6.0,225,10287.0,84.0,25.0,59.0,128.0,33.08888888888889,68.0,100.0,0.46916307235756854,2.9209758643302757,216.75555555555556,106.0,216.94915254237287
DL52GD9519,tataraw-DL52GD9519-gps-2026-07-08-to-2026-08-07.csv,2026-08-07 10:40:01,2026-08-07 17:05:00,6.416388888888889,260,10598.0,92.0,67.0,25.0,57.0,11.673076923076923,65.0,100.0,0.2385621439765493,1.25,212.42307692307693,241.0,227.99999999999997
DL52GD9532,tataraw-DL52GD9532-gps-2026-07-08-to-2026-08-07.csv,2026-07-07 18:30:00,2026-07-07 19:50:00,1.3333333333333333,80,2855.0,43.0,27.0,16.0,42.0,30.5,49.0,100.0,0.5093158503351833,1.6282813024781682,212.1875,22.0,262.5
DL52GD9532,tataraw-DL52GD9532-gps-2026-07-08-to-2026-08-07.csv,2026-07-12 10:05:00,2026-07-12 12:15:00,2.1666666666666665,30,3728.0,61.0,53.0,8.0,14.0,20.666666666666668,54.0,100.0,0.8494361837814907,2.3711811402758753,206.16666666666666,5.0,175.0
DL52GD9532,tataraw-DL52GD9532-gps-2026-07-08-to-2026-08-07.csv,2026-07-14 13:15:00,2026-07-14 17:35:00,4.333333333333333,125,4200.0,95.0,80.0,15.0,37.0,17.88,49.0,100.0,0.5692570133378929,2.62,213.08,33.0,246.66666666666669
DL52GD9532,tataraw-DL52GD9532-gps-2026-07-08-to-2026-08-07.csv,2026-07-15 11:40:00,2026-07-15 18:10:00,6.5,240,4394.0,83.0,47.0,36.0,69.0,17.958333333333332,74.0,100.0,0.4172556022862278,3.62465170740583,206.39583333333334,30.0,191.66666666666669
DL52GD9532,tataraw-DL52GD9532-gps-2026-07-08-to-2026-08-07.csv,2026-07-17 12:55:00,2026-07-17 19:45:00,6.833333333333333,275,4821.0,85.0,41.0,44.0,89.0,18.89090909090909,63.0,100.0,0.5580482151641604,2.96,197.8,24.0,202.27272727272728
DL52GD9532,tataraw-DL52GD9532-gps-2026-07-08-to-2026-08-07.csv,2026-07-18 12:30:00,2026-07-18 18:35:00,6.083333333333333,235,5034.0,84.0,44.0,40.0,82.0,17.361702127659573,55.0,100.0,0.5363262164196521,2.35,201.29787234042553,54.0,204.99999999999997
DL52GD9532,tataraw-DL52GD9532-gps-2026-07-08-to-2026-08-07.csv,2026-07-19 13:45:00,2026-07-19 16:55:00,3.1666666666666665,150,5307.0,89.0,57.0,32.0,74.0,24.8,68.0,100.0,0.6819389946269409,5.0900687618145195,205.16666666666666,53.0,231.25
DL52GD9532,tataraw-DL52GD9532-gps-2026-07-08-to-2026-08-07.csv,2026-07-21 14:25:00,2026-07-21 17:40:00,3.25,170,5873.0,91.0,63.0,28.0,78.0,26.5,64.0,100.0,0.6712999779950292,2.41,215.35294117647058,40.0,278.57142857142856
DL52GD9532,tataraw-DL52GD9532-gps-2026-07-08-to-2026-08-07.csv,2026-07-25 13:40:00,2026-07-25 15:30:00,1.8333333333333333,90,6791.0,80.0,62.0,18.0,48.0,38.44444444444444,71.0,100.0,0.6350266515292834,2.12,219.88888888888889,75.0,266.66666666666663
DL52GD9532,tataraw-DL52GD9532-gps-2026-07-08-to-2026-08-07.csv,2026-07-27 02:15:00,2026-07-27 07:45:00,5.5,315,7189.0,69.0,32.0,37.0,80.0,13.682539682539682,55.0,100.0,0.4198901294208194,2.24,216.93650793650792,49.0,216.21621621621622
DL52GD9532,tataraw-DL52GD9532-gps-2026-07-08-to-2026-08-07.csv,2026-08-02 07:05:00,2026-08-02 14:40:00,7.583333333333333,325,8795.0,90.0,38.0,52.0,136.0,26.323076923076922,72.0,100.0,0.6097919392064525,3.965955118253357,212.43076923076924,42.0,261.53846153846155
DL52GD9532,tataraw-DL52GD9532-gps-2026-07-08-to-2026-08-07.csv,2026-08-03 00:35:00,2026-08-03 08:30:01,7.916944444444445,425,8932.0,90.0,28.0,62.0,151.0,22.529411764705884,68.0,100.0,0.6795329078371689,4.37,209.38823529411764,75.0,243.5483870967742
DL52GD9532,tataraw-DL52GD9532-gps-2026-07-08-to-2026-08-07.csv,2026-08-03 20:05:00,2026-08-04 04:00:00,7.916666666666667,320,9245.0,93.0,49.0,44.0,103.0,18.578125,71.0,100.0,0.47822727882469385,1.8210161998181125,216.0,46.0,234.0909090909091
DL52GD9532,tataraw-DL52GD9532-gps-2026-07-08-to-2026-08-07.csv,2026-08-04 04:55:00,2026-08-04 08:20:00,3.4166666666666665,50,9348.0,95.0,88.0,7.0,20.0,19.6,44.0,100.0,0.29599175630751584,1.22,219.1,30.0,285.7142857142857
DL52GD9532,tataraw-DL52GD9532-gps-2026-07-08-to-2026-08-07.csv,2026-08-04 23:20:01,2026-08-05 04:15:00,4.916388888888889,245,9549.0,93.0,42.0,51.0,111.0,24.387755102040817,73.0,100.0,0.620633295529309,2.4605080776132398,208.24489795918367,47.0,217.6470588235294
DL52GD9532,tataraw-DL52GD9532-gps-2026-07-08-to-2026-08-07.csv,2026-08-06 21:25:00,2026-08-07 04:30:00,7.083333333333333,365,9950.0,97.0,35.0,62.0,138.0,22.726027397260275,76.0,100.0,0.6015203290919418,4.152023603015763,207.7123287671233,21.0,222.5806451612903
DL52GD9532,tataraw-DL52GD9532-gps-2026-07-08-to-2026-08-07.csv,2026-08-07 17:20:00,2026-08-07 18:25:01,1.083611111111111,70,10188.0,68.0,58.0,10.0,26.0,20.5,42.0,100.0,0.8629581708341467,2.585207922005501,232.57142857142858,50.0,260.0
DL52GD9543,tataraw-DL52GD9543-gps-2026-07-08-to-2026-08-07.csv,2026-07-08 11:45:00,2026-07-08 18:40:01,6.916944444444445,310,3161.0,75.0,29.0,46.0,109.0,15.629032258064516,64.0,100.0,0.32885819493063156,1.38,212.1290322580645,39.0,236.9565217391304
DL52GD9543,tataraw-DL52GD9543-gps-2026-07-08-to-2026-08-07.csv,2026-07-09 12:45:00,2026-07-09 17:40:00,4.916666666666667,225,3473.0,60.0,28.0,32.0,74.0,19.733333333333334,63.0,100.0,0.35900999674536327,1.7026156348395254,215.9111111111111,39.0,231.25
DL52GD9543,tataraw-DL52GD9543-gps-2026-07-08-to-2026-08-07.csv,2026-07-13 12:00:00,2026-07-13 17:30:01,5.500277777777778,310,4601.0,82.0,37.0,45.0,107.0,22.516129032258064,53.0,100.0,0.3336962001737484,1.9,216.98387096774192,36.0,237.77777777777777
DL52GD9543,tataraw-DL52GD9543-gps-2026-07-08-to-2026-08-07.csv,2026-07-14 11:40:00,2026-07-14 17:30:00,5.833333333333333,280,4864.0,83.0,36.0,47.0,105.0,22.553571428571427,65.0,100.0,0.4739475499736131,1.761618573925695,214.26785714285714,55.0,223.40425531914892
DL52GD9543,tataraw-DL52GD9543-gps-2026-07-08-to-2026-08-07.csv,2026-07-18 13:05:00,2026-07-18 17:45:00,4.666666666666667,165,5660.0,80.0,54.0,26.0,56.0,18.151515151515152,48.0,100.0,0.297823770324301,1.25,206.12121212121212,48.0,215.3846153846154
DL52GD9543,tataraw-DL52GD9543-gps-2026-07-08-to-2026-08-07.csv,2026-07-19 13:05:00,2026-07-19 16:55:00,3.8333333333333335,110,5930.0,70.0,48.0,22.0,44.0,22.09090909090909,53.0,100.0,0.40194833996537666,2.22,206.13636363636363,36.0,200.0
DL52GD9543,tataraw-DL52GD9543-gps-2026-07-08-to-2026-08-07.csv,2026-07-20 12:05:00,2026-07-20 20:00:00,7.916666666666667,340,6137.0,75.0,14.0,61.0,139.0,24.514705882352942,70.0,100.0,0.5452338800279888,3.3549068541466243,212.39705882352942,94.0,227.8688524590164
DL52GD9543,tataraw-DL52GD9543-gps-2026-07-08-to-2026-08-07.csv,2026-07-22 01:55:00,2026-07-22 08:45:00,6.833333333333333,280,6494.0,86.0,45.0,41.0,94.0,18.125,52.0,100.0,0.31165723123717604,1.56,207.75,36.0,229.2682926829268
DL52GD9543,tataraw-DL52GD9543-gps-2026-07-08-to-2026-08-07.csv,2026-07-23 01:45:00,2026-07-23 09:05:00,7.333333333333333,315,6752.0,96.0,45.0,51.0,116.0,19.603174603174605,62.0,100.0,0.5046160019829927,2.8229417280560365,213.52380952380952,39.0,227.45098039215685
DL52GD9543,tataraw-DL52GD9543-gps-2026-07-08-to-2026-08-07.csv,2026-07-24 02:10:00,2026-07-24 08:35:01,6.416944444444445,340,7020.0,90.0,11.0,79.0,156.0,24.897058823529413,77.0,100.0,0.6011580473885159,4.36,208.36764705882354,44.0,197.46835443037975
DL52GD9543,tataraw-DL52GD9543-gps-2026-07-08-to-2026-08-07.csv,2026-07-26 02:35:00,2026-07-26 09:55:00,7.333333333333333,350,7628.0,100.0,31.0,69.0,153.0,22.071428571428573,72.0,100.0,0.5226087234335819,3.16,210.14285714285714,62.0,221.73913043478262
DL52GD9543,tataraw-DL52GD9543-gps-2026-07-08-to-2026-08-07.csv,2026-07-26 11:10:00,2026-07-26 16:15:00,5.083333333333333,250,7781.0,85.0,40.0,45.0,110.0,21.58,74.0,100.0,0.27972892004158567,1.1454256850621083,209.18,56.0,244.44444444444446
DL52GD9543,tataraw-DL52GD9543-gps-2026-07-08-to-2026-08-07.csv,2026-07-27 01:30:00,2026-07-27 07:35:00,6.083333333333333,250,7891.0,70.0,22.0,48.0,103.0,23.38,59.0,100.0,0.44130584250778593,3.0594934221207275,212.58,42.0,214.58333333333334
DL52GD9543,tataraw-DL52GD9543-gps-2026-07-08-to-2026-08-07.csv,2026-08-01 11:20:00,2026-08-01 17:00:00,5.666666666666667,280,9208.0,73.0,28.0,45.0,70.0,14.0,58.0,100.0,0.39597093863936794,2.23,204.33928571428572,21.0,155.55555555555557
DL52GD9543,tataraw-DL52GD9543-gps-2026-07-08-to-2026-08-07.csv,2026-08-02 01:50:00,2026-08-02 08:30:00,6.666666666666667,295,9281.0,74.0,11.0,63.0,135.0,28.033898305084747,74.0,100.0,0.6460082034123014,4.310661202182329,225.38983050847457,61.0,214.28571428571428
DL52GD9543,tataraw-DL52GD9543-gps-2026-07-08-to-2026-08-07.csv,2026-08-02 09:05:00,2026-08-02 14:35:00,5.5,260,9416.0,56.0,12.0,44.0,99.0,23.53846153846154,63.0,100.0,0.6849332539038897,2.4988397307550563,222.6346153846154,71.0,225.0
DL52GD9543,tataraw-DL52GD9543-gps-2026-07-08-to-2026-08-07.csv,2026-08-04 12:50:00,2026-08-04 19:20:00,6.5,210,9918.0,59.0,34.0,25.0,48.0,11.547619047619047,59.0,100.0,0.3719059919675068,2.41,204.76190476190476,21.0,192.0
DL52GD9543,tataraw-DL52GD9543-gps-2026-07-08-to-2026-08-07.csv,2026-08-06 12:00:01,2026-08-06 19:50:00,7.833055555555555,355,10346.0,84.0,32.0,52.0,100.0,19.323943661971832,65.0,100.0,0.5484612168021082,4.71,221.43661971830986,100.0,192.30769230769232
DL52GD9543,tataraw-DL52GD9543-gps-2026-07-08-to-2026-08-07.csv,2026-08-07 01:00:00,2026-08-07 08:30:00,7.5,295,10453.0,68.0,29.0,39.0,91.0,22.491525423728813,65.0,100.0,0.6449851516062874,4.809365862564419,211.54237288135593,34.0,233.33333333333334
DL52GD9565,tataraw-DL52GD9565-gps-2026-07-08-to-2026-08-07.csv,2026-07-08 14:10:01,2026-07-08 18:20:00,4.166388888888889,175,3130.0,65.0,38.0,27.0,50.0,18.62857142857143,68.0,100.0,0.35393650798508175,0.9840731680114035,210.02857142857144,29.0,185.1851851851852
DL52GD9565,tataraw-DL52GD9565-gps-2026-07-08-to-2026-08-07.csv,2026-07-08 21:35:00,2026-07-09 01:35:01,4.000277777777778,55,3181.0,46.0,37.0,9.0,23.0,25.181818181818183,45.0,100.0,0.42479054024252344,1.3759360450253493,206.45454545454547,35.0,255.55555555555554
DL52GD9565,tataraw-DL52GD9565-gps-2026-07-08-to-2026-08-07.csv,2026-07-13 13:45:00,2026-07-13 17:55:00,4.166666666666667,230,3964.0,81.0,42.0,39.0,87.0,22.934782608695652,61.0,100.0,0.381474508442194,2.009601950635996,201.3913043478261,37.0,223.0769230769231
DL52GD9565,tataraw-DL52GD9565-gps-2026-07-08-to-2026-08-07.csv,2026-07-15 18:15:01,2026-07-16 01:05:00,6.833055555555555,185,4250.0,90.0,45.0,45.0,97.0,29.486486486486488,64.0,100.0,0.46333133837221224,1.882896704548606,207.7027027027027,36.0,215.55555555555554
DL52GD9565,tataraw-DL52GD9565-gps-2026-07-08-to-2026-08-07.csv,2026-07-16 12:35:00,2026-07-16 18:40:00,6.083333333333333,210,4461.0,64.0,23.0,41.0,82.0,22.595238095238095,64.0,100.0,0.3648215896568536,1.7361163555476342,216.78571428571428,49.0,200.0
DL52GD9565,tataraw-DL52GD9565-gps-2026-07-08-to-2026-08-07.csv,2026-07-17 01:55:00,2026-07-17 08:45:00,6.833333333333333,270,4548.0,98.0,30.0,68.0,86.0,19.75925925925926,69.0,100.0,0.3916462774465148,2.509222987301049,209.90740740740742,29.0,126.47058823529412
DL52GD9565,tataraw-DL52GD9565-gps-2026-07-08-to-2026-08-07.csv,2026-07-17 09:55:00,2026-07-17 16:25:00,6.5,345,4634.0,89.0,17.0,72.0,139.0,24.434782608695652,76.0,100.0,0.49093017580105364,1.92,191.47826086956522,32.0,193.05555555555557
DL52GD9565,tataraw-DL52GD9565-gps-2026-07-08-to-2026-08-07.csv,2026-07-18 05:05:00,2026-07-18 12:05:01,7.000277777777778,365,4878.0,100.0,18.0,82.0,142.0,24.08219178082192,77.0,100.0,0.4012298491397755,2.3048861143232218,210.3013698630137,57.0,173.17073170731706
DL52GD9565,tataraw-DL52GD9565-gps-2026-07-08-to-2026-08-07.csv,2026-07-18 13:35:00,2026-07-18 16:50:00,3.25,150,5020.0,95.0,68.0,27.0,64.0,27.2,72.0,100.0,0.404589915044308,2.2717834403833477,215.23333333333332,42.0,237.037037037037
DL52GD9565,tataraw-DL52GD9565-gps-2026-07-08-to-2026-08-07.csv,2026-07-19 20:40:00,2026-07-20 00:55:00,4.25,120,5249.0,88.0,58.0,30.0,63.0,31.041666666666668,76.0,100.0,0.6358890787795997,2.231882613400624,204.125,28.0,210.0
DL52GD9565,tataraw-DL52GD9565-gps-2026-07-08-to-2026-08-07.csv,2026-07-20 22:40:00,2026-07-21 03:15:00,4.583333333333333,80,5496.0,63.0,48.0,15.0,30.0,22.0,75.0,100.0,0.5400894831714226,1.878776197422141,205.375,17.0,200.0
DL52GD9565,tataraw-DL52GD9565-gps-2026-07-08-to-2026-08-07.csv,2026-07-21 18:35:01,2026-07-22 02:00:01,7.416666666666667,295,5682.0,86.0,18.0,68.0,140.0,28.0,59.0,100.0,0.48918697142266454,2.3644449665830667,208.54237288135593,41.0,205.88235294117646
DL52GD9565,tataraw-DL52GD9565-gps-2026-07-08-to-2026-08-07.csv,2026-07-23 04:10:00,2026-07-23 10:30:01,6.333611111111111,345,5960.0,86.0,40.0,46.0,101.0,18.07246376811594,53.0,100.0,0.2556600165803276,1.22,217.69565217391303,67.0,219.56521739130434
DL52GD9565,tataraw-DL52GD9565-gps-2026-07-08-to-2026-08-07.csv,2026-07-23 11:35:00,2026-07-23 19:30:01,7.916944444444445,305,6062.0,85.0,48.0,37.0,80.0,15.049180327868852,60.0,100.0,0.37929746336630854,2.0344286667268525,221.0,64.0,216.21621621621622
DL52GD9565,tataraw-DL52GD9565-gps-2026-07-08-to-2026-08-07.csv,2026-07-24 01:40:00,2026-07-24 08:45:01,7.083611111111111,340,6142.0,100.0,54.0,46.0,124.0,23.205882352941178,59.0,100.0,0.4148410662331099,2.4446881191677603,213.02941176470588,50.0,269.5652173913044
DL52GD9565,tataraw-DL52GD9565-gps-2026-07-08-to-2026-08-07.csv,2026-07-24 19:35:00,2026-07-25 00:25:00,4.833333333333333,215,6435.0,92.0,48.0,44.0,95.0,25.325581395348838,65.0,100.0,0.48194353248769906,2.710350530835449,216.8372093023256,57.0,215.9090909090909
DL52GD9565,tataraw-DL52GD9565-gps-2026-07-08-to-2026-08-07.csv,2026-07-25 12:55:00,2026-07-25 16:00:01,3.0836111111111113,155,6689.0,86.0,56.0,30.0,54.0,18.483870967741936,71.0,100.0,0.5618186007651307,2.7504545078950136,216.83870967741936,39.0,180.0
DL52GD9565,tataraw-DL52GD9565-gps-2026-07-08-to-2026-08-07.csv,2026-07-26 09:15:00,2026-07-26 16:25:00,7.166666666666667,345,6888.0,86.0,20.0,66.0,106.0,18.057971014492754,75.0,100.0,0.437293974423461,2.105445321066306,197.71014492753622,39.0,160.6060606060606
DL52GD9565,tataraw-DL52GD9565-gps-2026-07-08-to-2026-08-07.csv,2026-07-26 17:20:00,2026-07-26 19:40:01,2.3336111111111113,95,6994.0,78.0,50.0,28.0,50.0,30.789473684210527,79.0,100.0,0.3554493091809692,1.1072488428533127,216.3684210526316,48.0,178.57142857142858
DL52GD9565,tataraw-DL52GD9565-gps-2026-07-08-to-2026-08-07.csv,2026-07-27 01:10:01,2026-07-27 04:10:01,3.0,130,7044.0,92.0,71.0,21.0,35.0,10.846153846153847,40.0,100.0,0.5514084688380435,2.5089440009693322,209.1153846153846,15.0,166.66666666666669
DL52GD9565,tataraw-DL52GD9565-gps-2026-07-08-to-2026-08-07.csv,2026-08-02 11:15:00,2026-08-02 16:55:00,5.666666666666667,225,8466.0,73.0,24.0,49.0,84.0,25.68888888888889,71.0,100.0,0.4628674938831141,3.1,210.35555555555555,46.0,171.42857142857142
DL52GD9565,tataraw-DL52GD9565-gps-2026-07-08-to-2026-08-07.csv,2026-08-03 00:35:00,2026-08-03 06:40:00,6.083333333333333,295,8550.0,57.0,9.0,48.0,74.0,14.694915254237289,48.0,100.0,0.4144776512377978,1.8816216410320115,219.84745762711864,87.0,154.16666666666669
DL52GD9565,tataraw-DL52GD9565-gps-2026-07-08-to-2026-08-07.csv,2026-08-04 00:40:00,2026-08-04 07:40:00,7.0,375,8716.0,72.0,3.0,69.0,116.0,20.213333333333335,57.0,100.0,0.32392642282512546,1.4926486525636231,206.36,54.0,168.1159420289855
DL52GD9565,tataraw-DL52GD9565-gps-2026-07-08-to-2026-08-07.csv,2026-08-04 08:50:01,2026-08-04 15:05:00,6.249722222222222,335,8832.0,80.0,9.0,71.0,125.0,22.83582089552239,70.0,100.0,0.3594291685213693,1.71,193.80597014925374,31.0,176.05633802816902
DL52GD9565,tataraw-DL52GD9565-gps-2026-07-08-to-2026-08-07.csv,2026-08-04 16:10:00,2026-08-04 18:50:00,2.6666666666666665,115,8957.0,85.0,51.0,34.0,61.0,30.869565217391305,71.0,100.0,0.5450522603786221,2.56,208.6086956521739,25.0,179.41176470588235
DL52GD9566,tataraw-DL52GD9566-gps-2026-07-08-to-2026-08-07.csv,2026-07-09 14:10:01,2026-07-09 17:05:01,2.9166666666666665,45,2591.0,50.0,41.0,9.0,20.0,12.444444444444445,46.0,100.0,0.27148971130364086,0.65,209.11111111111111,35.0,222.22222222222223
DL52GD9566,tataraw-DL52GD9566-gps-2026-07-08-to-2026-08-07.csv,2026-07-14 01:15:01,2026-07-14 06:00:01,4.75,230,3456.0,65.0,17.0,48.0,126.0,31.5,73.0,100.0,0.5701257263623136,2.76,212.52173913043478,40.0,262.5
DL52GD9566,tataraw-DL52GD9566-gps-2026-07-08-to-2026-08-07.csv,2026-07-15 11:30:03,2026-07-15 15:15:02,3.749722222222222,180,3876.0,70.0,45.0,25.0,49.0,16.47222222222222,56.0,100.0,0.4060059399442981,2.427385424690525,209.33333333333334,249.0,196.0
DL52GD9566,tataraw-DL52GD9566-gps-2026-07-08-to-2026-08-07.csv,2026-07-16 14:20:01,2026-07-16 18:40:01,4.333333333333333,175,4140.0,70.0,41.0,29.0,69.0,25.285714285714285,73.0,100.0,0.4974466326696367,1.6911830178901395,224.74285714285713,74.0,237.93103448275863
DL52GD9566,tataraw-DL52GD9566-gps-2026-07-08-to-2026-08-07.csv,2026-07-17 01:45:01,2026-07-17 04:20:01,2.5833333333333335,115,4209.0,71.0,39.0,32.0,49.0,23.869565217391305,68.0,100.0,0.5056962744286472,2.23,205.2608695652174,15.0,153.125
DL52GD9566,tataraw-DL52GD9566-gps-2026-07-08-to-2026-08-07.csv,2026-07-17 06:15:01,2026-07-17 11:20:01,5.083333333333333,275,4258.0,100.0,43.0,57.0,74.0,16.4,55.0,100.0,0.5909975523505513,3.800328933131973,211.54545454545453,38.0,129.82456140350877
DL52GD9566,tataraw-DL52GD9566-gps-2026-07-08-to-2026-08-07.csv,2026-07-17 11:55:01,2026-07-17 17:10:01,5.25,285,4332.0,82.0,15.0,67.0,94.0,18.771929824561404,58.0,100.0,0.4292355324769116,2.05,207.03508771929825,48.0,140.2985074626866
DL52GD9566,tataraw-DL52GD9566-gps-2026-07-08-to-2026-08-07.csv,2026-07-24 04:20:01,2026-07-24 09:30:03,5.167222222222223,110,5761.0,23.0,8.0,15.0,43.0,26.545454545454547,57.0,100.0,0.3570203992365197,1.933726971420733,215.5909090909091,44.0,286.6666666666667
DL52GD9566,tataraw-DL52GD9566-gps-2026-07-08-to-2026-08-07.csv,2026-07-25 00:25:01,2026-07-25 06:05:01,5.666666666666667,175,5990.0,74.0,45.0,29.0,68.0,25.97142857142857,65.0,100.0,0.3873806111386039,2.51,203.9142857142857,36.0,234.48275862068962
DL52GD9566,tataraw-DL52GD9566-gps-2026-07-08-to-2026-08-07.csv,2026-07-25 06:50:01,2026-07-25 13:35:01,6.75,390,6058.0,87.0,12.0,75.0,110.0,14.948717948717949,71.0,100.0,0.44311368100733406,3.27,211.8846153846154,51.0,146.66666666666666
DL52GD9566,tataraw-DL52GD9566-gps-2026-07-08-to-2026-08-07.csv,2026-07-26 03:30:01,2026-07-26 10:10:01,6.666666666666667,320,6194.0,99.0,20.0,79.0,124.0,21.171875,73.0,100.0,0.4622751426679598,2.93,216.84375,58.0,156.96202531645568
DL52GD9566,tataraw-DL52GD9566-gps-2026-07-08-to-2026-08-07.csv,2026-07-26 11:20:01,2026-07-26 19:00:01,7.666666666666667,345,6318.0,92.0,4.0,88.0,180.0,32.85507246376812,80.0,100.0,0.7094429134799952,7.57,217.7536231884058,90.0,204.54545454545453
DL52GD9566,tataraw-DL52GD9566-gps-2026-07-08-to-2026-08-07.csv,2026-07-27 01:40:01,2026-07-27 04:10:01,2.5,120,6499.0,45.0,12.0,33.0,50.0,19.666666666666668,72.0,100.0,0.44929800913604573,2.179931191574633,207.125,17.0,151.5151515151515
DL52GD9566,tataraw-DL52GD9566-gps-2026-07-08-to-2026-08-07.csv,2026-08-02 07:55:00,2026-08-02 10:25:00,2.5,135,8253.0,86.0,38.0,48.0,73.0,32.925925925925924,76.0,100.0,0.5303017880962586,2.463331078032346,205.2962962962963,78.0,152.08333333333331
DL52GD9566,tataraw-DL52GD9566-gps-2026-07-08-to-2026-08-07.csv,2026-08-02 10:50:00,2026-08-02 18:00:01,7.166944444444445,315,8326.0,76.0,8.0,68.0,126.0,21.92063492063492,78.0,100.0,0.552684985757141,3.008055850545332,212.4126984126984,77.0,185.29411764705884
DL52GD9566,tataraw-DL52GD9566-gps-2026-07-08-to-2026-08-07.csv,2026-08-03 01:45:00,2026-08-03 04:10:00,2.4166666666666665,125,8452.0,61.0,34.0,27.0,47.0,21.24,73.0,100.0,0.6059207152236005,2.49,208.48,26.0,174.07407407407408
DL52GD9566,tataraw-DL52GD9566-gps-2026-07-08-to-2026-08-07.csv,2026-08-04 01:15:01,2026-08-04 09:00:01,7.75,315,8667.0,84.0,20.0,64.0,101.0,18.650793650793652,72.0,100.0,0.5147352741951786,2.33,207.20634920634922,37.0,157.8125
DL52GD9566,tataraw-DL52GD9566-gps-2026-07-08-to-2026-08-07.csv,2026-08-05 02:35:01,2026-08-05 08:35:01,6.0,325,8960.0,100.0,29.0,71.0,117.0,21.753846153846155,74.0,100.0,0.6260709853347362,4.13,207.66153846153847,39.0,164.7887323943662
DL52GD9566,tataraw-DL52GD9566-gps-2026-07-08-to-2026-08-07.csv,2026-08-05 10:20:01,2026-08-05 16:15:00,5.916388888888889,335,9078.0,100.0,40.0,60.0,94.0,16.238805970149254,69.0,100.0,0.43539115426492414,3.86,208.26865671641792,34.0,156.66666666666666
DL52GD9566,tataraw-DL52GD9566-gps-2026-07-08-to-2026-08-07.csv,2026-08-06 01:55:01,2026-08-06 09:20:00,7.416388888888889,360,9177.0,100.0,22.0,78.0,138.0,20.86111111111111,74.0,100.0,0.6200164557338896,3.487491935474547,206.18055555555554,23.0,176.9230769230769
DL52GD9566,tataraw-DL52GD9566-gps-2026-07-08-to-2026-08-07.csv,2026-08-07 09:45:01,2026-08-07 15:05:01,5.333333333333333,285,9528.0,99.0,55.0,44.0,79.0,15.824561403508772,55.0,100.0,0.3018732097328856,1.1303096920755835,216.05263157894737,52.0,179.54545454545453
DL52GD9580,tataraw-DL52GD9580-gps-2026-07-08-to-2026-08-07.csv,2026-07-11 03:55:00,2026-07-11 08:55:00,5.0,245,1907.0,82.0,35.0,47.0,100.0,23.224489795918366,65.0,100.0,0.2022164408255839,0.97,216.55102040816325,47.0,212.7659574468085
DL52GD9580,tataraw-DL52GD9580-gps-2026-07-08-to-2026-08-07.csv,2026-07-14 02:50:01,2026-07-14 09:50:01,7.0,395,2230.0,77.0,8.0,69.0,96.0,14.582278481012658,52.0,100.0,0.3278045330376754,2.59,211.15189873417722,62.0,139.1304347826087
DL52GD9580,tataraw-DL52GD9580-gps-2026-07-08-to-2026-08-07.csv,2026-07-16 06:35:00,2026-07-16 13:15:01,6.666944444444445,365,2684.0,90.0,17.0,73.0,86.0,12.342465753424657,62.0,100.0,0.4314489791625171,3.251292050862242,231.0958904109589,89.0,117.8082191780822
DL52GD9580,tataraw-DL52GD9580-gps-2026-07-08-to-2026-08-07.csv,2026-07-16 14:00:01,2026-07-16 18:00:01,4.0,190,2771.0,48.0,13.0,35.0,64.0,20.18421052631579,63.0,100.0,0.36279692942008285,1.85,206.8684210526316,29.0,182.85714285714286
DL52GD9580,tataraw-DL52GD9580-gps-2026-07-08-to-2026-08-07.csv,2026-07-16 19:25:00,2026-07-17 03:10:00,7.75,330,2835.0,84.0,12.0,72.0,182.0,34.303030303030305,74.0,100.0,0.44298664868676146,2.193171219946131,213.07575757575756,46.0,252.77777777777777
DL52GD9580,tataraw-DL52GD9580-gps-2026-07-08-to-2026-08-07.csv,2026-07-19 21:55:01,2026-07-20 05:20:02,7.416944444444445,370,3587.0,75.0,5.0,70.0,171.0,27.72972972972973,76.0,100.0,0.2934653035108473,2.56,214.06756756756758,59.0,244.2857142857143
DL52GD9580,tataraw-DL52GD9580-gps-2026-07-08-to-2026-08-07.csv,2026-07-20 17:35:01,2026-07-20 22:45:01,5.166666666666667,245,3889.0,78.0,28.0,50.0,113.0,29.551020408163264,72.0,100.0,0.48259287603382456,3.0319960422137755,209.40816326530611,110.0,225.99999999999997
DL52GD9580,tataraw-DL52GD9580-gps-2026-07-08-to-2026-08-07.csv,2026-07-23 03:10:01,2026-07-23 08:55:00,5.749722222222222,315,4492.0,80.0,6.0,74.0,124.0,22.07936507936508,75.0,100.0,0.43019483877214515,2.1,216.6984126984127,51.0,167.56756756756758
DL52GD9580,tataraw-DL52GD9580-gps-2026-07-08-to-2026-08-07.csv,2026-07-25 03:40:01,2026-07-25 09:55:01,6.25,320,4976.0,76.0,16.0,60.0,133.0,23.40625,57.0,100.0,0.36020953821902246,2.26,226.546875,72.0,221.66666666666669
DL52GD9580,tataraw-DL52GD9580-gps-2026-07-08-to-2026-08-07.csv,2026-07-25 11:20:00,2026-07-25 16:50:00,5.5,300,5109.0,86.0,38.0,48.0,99.0,18.133333333333333,72.0,100.0,0.3669864258803449,2.357901609482465,209.3,42.0,206.25
DL52GD9580,tataraw-DL52GD9580-gps-2026-07-08-to-2026-08-07.csv,2026-07-26 03:20:00,2026-07-26 10:35:00,7.25,350,5209.0,100.0,37.0,63.0,123.0,18.042857142857144,64.0,100.0,0.38721155009303343,3.5891224554199876,205.34285714285716,244.0,195.23809523809524
DL52GD9580,tataraw-DL52GD9580-gps-2026-07-08-to-2026-08-07.csv,2026-07-27 01:50:01,2026-07-27 09:15:01,7.416666666666667,375,5433.0,83.0,10.0,73.0,125.0,17.533333333333335,66.0,100.0,0.32519313554087914,2.43,226.93333333333334,75.0,171.23287671232876
DL52GD9580,tataraw-DL52GD9580-gps-2026-07-08-to-2026-08-07.csv,2026-08-01 08:05:00,2026-08-01 11:00:02,2.917222222222222,120,6567.0,47.0,29.0,18.0,31.0,12.541666666666666,44.0,100.0,0.23622198758380306,0.86,206.91666666666666,45.0,172.22222222222223
DL52GD9580,tataraw-DL52GD9580-gps-2026-07-08-to-2026-08-07.csv,2026-08-01 11:15:01,2026-08-01 16:55:00,5.666388888888889,205,6598.0,52.0,21.0,31.0,64.0,16.78048780487805,63.0,100.0,0.28708546493468423,1.31,210.390243902439,42.0,206.4516129032258
DL52GD9580,tataraw-DL52GD9580-gps-2026-07-08-to-2026-08-07.csv,2026-08-02 01:55:00,2026-08-02 09:35:00,7.666666666666667,395,6668.0,100.0,22.0,78.0,160.0,24.68354430379747,77.0,100.0,0.38620177370104253,2.169446934128604,208.16455696202533,41.0,205.1282051282051
DL52GD9580,tataraw-DL52GD9580-gps-2026-07-08-to-2026-08-07.csv,2026-08-04 15:35:00,2026-08-04 18:55:00,3.3333333333333335,85,7380.0,81.0,65.0,16.0,42.0,25.058823529411764,51.0,100.0,0.3832745611513924,1.103177229641729,209.7058823529412,23.0,262.5
DL52GD9580,tataraw-DL52GD9580-gps-2026-07-08-to-2026-08-07.csv,2026-08-06 15:20:00,2026-08-06 18:05:00,2.75,125,7701.0,48.0,28.0,20.0,54.0,25.96,59.0,100.0,0.25322671803302127,0.9972462083156798,214.2,46.0,270.0
DL52GD9580,tataraw-DL52GD9580-gps-2026-07-08-to-2026-08-07.csv,2026-08-07 15:45:00,2026-08-07 17:35:00,1.8333333333333333,100,7943.0,62.0,42.0,20.0,49.0,32.05,65.0,100.0,0.4938393451518683,1.98,211.45,45.0,245.00000000000003
DL52GD9590,tataraw-DL52GD9590-gps-2026-07-08-to-2026-08-07.csv,2026-07-08 08:40:01,2026-07-08 10:10:02,1.5002777777777778,80,2810.0,15.0,6.0,9.0,23.0,15.125,44.0,100.0,0.39039113473069037,1.6282505949638095,212.0625,13.0,255.55555555555554
DL52GD9590,tataraw-DL52GD9590-gps-2026-07-08-to-2026-08-07.csv,2026-07-08 11:20:02,2026-07-08 17:45:01,6.416388888888889,340,2833.0,88.0,43.0,45.0,110.0,18.08823529411765,64.0,100.0,0.4536627910038924,1.6573774464496616,200.69117647058823,44.0,244.44444444444446
DL52GD9590,tataraw-DL52GD9590-gps-2026-07-08-to-2026-08-07.csv,2026-07-09 16:15:01,2026-07-09 17:55:01,1.6666666666666667,75,3194.0,49.0,32.0,17.0,49.0,42.733333333333334,78.0,100.0,0.49812905642825506,1.91,209.6,39.0,288.2352941176471
DL52GD9590,tataraw-DL52GD9590-gps-2026-07-08-to-2026-08-07.csv,2026-07-12 11:25:01,2026-07-12 18:10:01,6.75,240,4055.0,63.0,36.0,27.0,59.0,12.520833333333334,59.0,100.0,0.3458102272174576,1.18,206.20833333333334,20.0,218.5185185185185
DL52GD9590,tataraw-DL52GD9590-gps-2026-07-08-to-2026-08-07.csv,2026-07-17 21:30:01,2026-07-18 02:15:01,4.75,140,5099.0,84.0,43.0,41.0,96.0,38.67857142857143,77.0,100.0,0.6563476712696867,3.0028153456381563,198.5,60.0,234.14634146341461
DL52GD9590,tataraw-DL52GD9590-gps-2026-07-08-to-2026-08-07.csv,2026-07-19 05:15:01,2026-07-19 13:15:01,8.0,385,5450.0,100.0,27.0,73.0,181.0,28.714285714285715,72.0,100.0,0.4282920606203532,2.1733844574764034,207.2207792207792,56.0,247.94520547945206
DL52GD9590,tataraw-DL52GD9590-gps-2026-07-08-to-2026-08-07.csv,2026-07-19 14:45:01,2026-07-19 18:45:01,4.0,210,5631.0,98.0,63.0,35.0,100.0,27.738095238095237,62.0,100.0,0.4537553214901936,2.88,211.52380952380952,47.0,285.7142857142857
DL52GD9590,tataraw-DL52GD9590-gps-2026-07-08-to-2026-08-07.csv,2026-07-22 01:20:01,2026-07-22 06:40:01,5.333333333333333,255,6375.0,88.0,39.0,49.0,113.0,23.098039215686274,67.0,100.0,0.4930669999380881,3.46,224.7450980392157,51.0,230.6122448979592
DL52GD9590,tataraw-DL52GD9590-gps-2026-07-08-to-2026-08-07.csv,2026-07-22 22:30:01,2026-07-23 01:40:01,3.1666666666666665,135,6648.0,99.0,64.0,35.0,85.0,35.666666666666664,74.0,100.0,0.5335382287680233,1.8461040057374882,208.1851851851852,38.0,242.85714285714283
DL52GD9590,tataraw-DL52GD9590-gps-2026-07-08-to-2026-08-07.csv,2026-07-23 02:00:01,2026-07-23 08:50:01,6.833333333333333,205,6733.0,82.0,36.0,46.0,69.0,20.51219512195122,76.0,100.0,0.4877018263885343,2.78,208.85365853658536,34.0,150.0
DL52GD9590,tataraw-DL52GD9590-gps-2026-07-08-to-2026-08-07.csv,2026-07-23 09:55:01,2026-07-23 16:40:01,6.75,380,6803.0,91.0,8.0,83.0,148.0,22.789473684210527,77.0,100.0,0.5400107679644826,2.532390175308694,217.8815789473684,56.0,178.3132530120482
DL52GD9590,tataraw-DL52GD9590-gps-2026-07-08-to-2026-08-07.csv,2026-07-23 17:15:01,2026-07-23 18:50:01,1.5833333333333333,55,6951.0,66.0,40.0,26.0,40.0,53.81818181818182,76.0,100.0,1.1387659907223266,3.05,209.27272727272728,48.0,153.84615384615387
DL52GD9590,tataraw-DL52GD9590-gps-2026-07-08-to-2026-08-07.csv,2026-07-24 01:35:01,2026-07-24 08:35:02,7.000277777777778,315,6993.0,99.0,24.0,75.0,113.0,21.07936507936508,76.0,100.0,0.7622546255469466,3.78910279617748,207.12698412698413,40.0,150.66666666666666
DL52GD9590,tataraw-DL52GD9590-gps-2026-07-08-to-2026-08-07.csv,2026-07-24 09:35:02,2026-07-24 17:25:01,7.833055555555555,390,7106.0,85.0,16.0,69.0,105.0,15.717948717948717,70.0,100.0,0.5763398977825219,2.7106641252652457,204.35897435897436,42.0,152.17391304347828
DL52GD9590,tataraw-DL52GD9590-gps-2026-07-08-to-2026-08-07.csv,2026-07-24 18:35:01,2026-07-24 21:30:01,2.9166666666666665,115,7212.0,92.0,65.0,27.0,47.0,25.391304347826086,70.0,100.0,0.8730549660358073,3.18,204.52173913043478,28.0,174.07407407407408
DL52GD9590,tataraw-DL52GD9590-gps-2026-07-08-to-2026-08-07.csv,2026-07-25 20:10:01,2026-07-26 03:35:01,7.416666666666667,210,7413.0,98.0,33.0,65.0,137.0,34.285714285714285,76.0,100.0,0.2871316162822827,1.9221342304844373,221.76190476190476,105.0,210.76923076923077
DL52GD9590,tataraw-DL52GD9590-gps-2026-07-08-to-2026-08-07.csv,2026-07-26 21:30:01,2026-07-27 03:25:01,5.916666666666667,185,7694.0,93.0,58.0,35.0,74.0,24.89189189189189,71.0,100.0,0.5726217778181193,2.9701515112869243,205.3783783783784,20.0,211.42857142857144
DL52GD9590,tataraw-DL52GD9590-gps-2026-07-08-to-2026-08-07.csv,2026-08-02 21:30:01,2026-08-03 00:45:00,3.249722222222222,120,9469.0,72.0,36.0,36.0,69.0,39.416666666666664,77.0,100.0,0.6218507508705039,3.29,203.45833333333334,24.0,191.66666666666669
DL52GD9590,tataraw-DL52GD9590-gps-2026-07-08-to-2026-08-07.csv,2026-08-03 01:30:01,2026-08-03 04:30:01,3.0,130,9538.0,39.0,13.0,26.0,43.0,21.692307692307693,61.0,100.0,0.5757330387398665,2.3602754076590298,207.5,34.0,165.3846153846154
DL52GD9590,tataraw-DL52GD9590-gps-2026-07-08-to-2026-08-07.csv,2026-08-03 06:35:00,2026-08-03 12:30:01,5.916944444444445,205,9583.0,86.0,40.0,46.0,71.0,20.804878048780488,75.0,100.0,0.6230969430171744,2.533969218439719,207.14634146341464,23.0,154.34782608695653
