vehicleNumber,telematicDeviceType
KA51AM6403,Intellicar
HR55BE2035,NO_DEVICE
HR55AQ1476,NO_DEVICE
HR55AR2397,NO_DEVICE
HR55AD8274,NO_DEVICE
HR55AL8794,NO_DEVICE
HR55AU7955,NO_DEVICE
HR55BE3867,Tata
HR55BE5344,Tata
HR55BE3884,Tata
HR55BE1298,Tata
HR55BE3348,Tata
HR55BE3718,Tata
HR55BE6338,Tata
HR55BE0712,Tata
HR55BE4787,Tata
HR55BE4668,Tata
HR55BE5775,Tata
HR55BE8533,Tata
HR55BE7031,Tata
HR55BE7348,Tata
HR55AR9522,NO_DEVICE
HR55AS2539,NO_DEVICE
KA51AM5337,Intellicar
HR55BC7295,NO_DEVICE
HR55BC0940,NO_DEVICE
KA51AJ9306,NO_DEVICE
KA51AM5336,Intellicar
HR55AH6291,NO_DEVICE
HR55AT3230,NO_DEVICE
HR55AR8815,NO_DEVICE
HR55BC5264,NO_DEVICE
HR55BC2441,NO_DEVICE
HR55BC0989,NO_DEVICE
KA51AL7764,NO_DEVICE
KA51AL8141,NO_DEVICE
KA51AL7789,NO_DEVICE
KA51AL7768,NO_DEVICE
KA51AL8142,NO_DEVICE
KA51AL8140,NO_DEVICE
KA51AL8139,NO_DEVICE
KA51AL8138,NO_DEVICE
KA51AL7775,NO_DEVICE
KA51AL7771,NO_DEVICE
KA51AL7770,NO_DEVICE
KA51AL7769,NO_DEVICE
KL51AL7765,NO_DEVICE
KA51AL7763,NO_DEVICE
KA03AL2768,Intellicar
KA51AK5670,Intellicar
KA51AK2206,NO_DEVICE
KA51AK2207,NO_DEVICE
KA51AK1920,NO_DEVICE
KA51AM6395,Intellicar
KA51AM5346,Intellicar
KA51AM6392,Intellicar
DL52GD9509,Tata
DL52GD9565,Tata
DL52GD9566,Tata
DL52GD9532,Tata
DL52GD9580,Tata
DL52GD9543,Tata
DL52GD9513,Tata
DL52GD9514,Tata
DL52GD9519,Tata
DL52GD9590,Tata
HR55BD5378,NO_DEVICE
HR55AU4541,Citroen
HR55AU9937,Citroen
HR55AU9671,Citroen
HR55AU9566,Citroen
HR55AU9516,Citroen
HR55AU9512,Citroen
HR55AU9340,Citroen
HR55AU9329,Citroen
HR55AU9253,Citroen
HR55AU9233,Citroen
HR55AU8744,Citroen
HR55AU8704,Citroen
HR55AU8504,Citroen
HR55AU8405,Citroen
HR55AU8352,Citroen
HR55AU7856,Citroen
HR55AU7771,Citroen
HR55AU7217,Citroen
HR55AU6749,Citroen
HR55AU6747,Citroen
HR55AU6155,Citroen
HR55AU6114,Citroen
HR55AU6061,Citroen
HR55AU5937,Citroen
HR55AU5624,Citroen
HR55AU5560,Citroen
HR55AU5491,Citroen
HR55AU5423,Citroen
HR55AU5421,Citroen
HR55AU5307,Citroen
HR55AU5296,Citroen
HR55AU5266,Citroen
HR55AU5121,Citroen
HR55AU4385,Citroen
HR55AU4293,Citroen
HR55AU4040,Citroen
HR55AU3912,Citroen
HR55AU3868,Citroen
HR55AU3751,Citroen
HR55AU3686,Citroen
HR55AU3402,Citroen
HR55AU3290,Citroen
HR55AU3235,Citroen
HR55AU2603,Citroen
HR55AU2487,Citroen
HR55AU2051,Citroen
HR55AU1973,Citroen
HR55AU1652,Citroen
HR55AU1626,Citroen
HR55AU1259,Citroen
HR55AU0304,Citroen
HR55BA9638,Citroen
HR55BA9366,Citroen
HR55BA9207,Citroen
HR55BA8491,Citroen
HR55BA8413,Citroen
HR55BA8089,Citroen
HR55BA6391,Citroen
HR55BA6015,Citroen
HR55BA4967,Citroen
HR55BA4430,Citroen
HR55BA4286,Citroen
HR55BA3598,Citroen
HR55BA3191,Citroen
HR55BA2673,Citroen
HR55BA2211,Citroen
HR55BA1200,Citroen
HR55BA1165,Citroen
HR55BA0529,Citroen
HR55BA0262,Citroen
HR55BA0242,Citroen
HR55AS8835,NO_DEVICE
HR55AS4552,Intellicar
HR55AS0686,Intellicar
HR55AS4553,Intellicar
HR55AV1202,NO_DEVICE
HR55AS0757,Intellicar
HR55AS3490,Intellicar
HR55AV5213,NO_DEVICE
HR55AV2678,NO_DEVICE
HR55AV3890,NO_DEVICE
HR55AS6363,Intellicar
HR55AV7402,NO_DEVICE
HR55AV5483,NO_DEVICE
HR55AV1014,NO_DEVICE
HR55AS7967,Intellicar
HR55AV3467,NO_DEVICE
HR55AV8869,NO_DEVICE
HR55AV7851,NO_DEVICE
HR55AS1680,Intellicar
HR55AS0588,Intellicar
HR55AZ2845,Citroen
HR55AZ3184,Citroen
HR55AZ7545,Citroen
HR55AZ8703,Citroen
HR55AZ8127,Citroen
HR55AZ7189,Citroen
HR55AZ3301,Citroen
HR55AZ0945,Citroen
HR55AZ2637,Citroen
HR55AZ7118,Citroen
KA51AJ9972,Citroen
KA51AJ9933,Citroen
KA51AJ9894,Citroen
KA51AJ9892,Citroen
KA04AE1664,Citroen
KA04AE1661,Citroen
KA04AE1659,Citroen
KA04AE1653,Citroen
KA04AE1639,Citroen
KA04AE1638,Citroen
KA04AE1635,Citroen
KA04AE1634,Citroen
KA04AE1631,Citroen
KA04AE1629,Citroen
KA04AE1544,Citroen
KA04AE1543,Citroen
KA04AE1531,Citroen
KA04AE1530,Citroen
KA04AE1524,Citroen
KA04AE1523,Citroen
KA04AE1632,Citroen
KA04AE1649,Citroen
KA04AE1642,Citroen
KA04AE1613,Citroen
KA04AE1652,Citroen
KA04AE1667,Citroen
KA04AE1615,Citroen
KA51AK0030,Citroen
KA51AK0175,Citroen
KA51AK0167,Citroen
KA51AK0165,Citroen
KA51AK0146,Citroen
KA51AK0139,Citroen
KA51AK0028,Citroen
KA51AJ9968,Citroen
KA51AJ9958,Citroen
KA04AE1663,Citroen
KA04AE1651,Citroen
KA04AE1645,Citroen
KA04AE1636,Citroen
KA04AE1630,Citroen
KA04AE1627,Citroen
KA04AE1626,Citroen
KA04AE1610,Citroen
KA04AE1545,Citroen
KA04AE1542,Citroen
KA04AE1535,Citroen
KA04AE1534,Citroen
KA04AE1528,Citroen
KA04AE1526,Citroen
KA01AP5401,NO_DEVICE
KA01AP5400,NO_DEVICE
KA01AP5399,NO_DEVICE
KA01AP5398,NO_DEVICE
KA01AP5397,NO_DEVICE
KA01AP3847,NO_DEVICE
KA01AP5611,NO_DEVICE
KA54A3600,NO_DEVICE
KA52C3600,NO_DEVICE
KA01AP3600,NO_DEVICE
KA01AQ2731,Intellicar
KA51AK0329,Intellicar
KA51AK0325,Citroen
KA51AK0324,Intellicar
KA51AJ9391,Intellicar
KA51AJ9395,Intellicar
KA51AJ9398,Intellicar
KA51AJ9396,Intellicar
KA51AJ9397,Intellicar
KA01AR0374,Intellicar
KA01AR0373,Intellicar
KA01AR0371,Intellicar
KA01AR0367,Intellicar
KA01AR0372,Intellicar
KA01AR0375,Intellicar
KA01AR0368,Intellicar
KA51AJ9400,Intellicar
KA01AR0369,Intellicar
KA01AR0376,Intellicar
KA51AJ9394,Intellicar
KA51AJ9401,Intellicar
KA51AJ9390,Intellicar
KA51AJ9392,Intellicar
KA51AK0326,Intellicar
KA03AK3338,Intellicar
KA03AL8100,Intellicar
KA03AL8097,Intellicar
KA03AL8076,Intellicar
KA03AL8096,Intellicar
KA03AL8094,Intellicar
KA03AL8095,Intellicar
KA03AL8099,Intellicar
KA03AL8093,Intellicar
KA03AL8074,Intellicar
KA03AL8082,Intellicar
KA03AL8080,Intellicar
KA03AL8075,Intellicar
KA03AL8078,Intellicar
KA03AL8081,Intellicar
KA03AL8079,Intellicar
KA03AL8077,Intellicar
KA51AK0327,Intellicar
KA51AK0328,Intellicar
KA51AK0323,Intellicar
KA51AK2621,Intellicar
KA51AK2618,Intellicar
KA51AK3347,NO_DEVICE
KA51AK2620,Intellicar
KA01AR0370,Intellicar
KA01AQ2730,Intellicar
KA51AK0322,Intellicar
KA03AL8101,Intellicar
KA03AL8098,Intellicar
KA51AK3378,Intellicar
KA04AE2200,Citroen
KA04AE2196,Citroen
KA04AE2199,Citroen
KA04AE2195,Citroen
KA51AK4743,Intellicar
KA51AK3353,Intellicar
KA51AK4741,Intellicar
KA51AK3449,Intellicar
KA51AK3451,Intellicar
KA51AK3452,Intellicar
KA51AK3453,Intellicar
KA51AK3352,Intellicar
KA51AK3351,Intellicar
KA51AK3349,Intellicar
KA51AK3354,Intellicar
KA51AK3348,Intellicar
KA51AK4746,Intellicar
KA51AK4740,Intellicar
KA51AK3346,Intellicar
KA51AK4745,Intellicar
KA51AK3350,Intellicar
HR55AT9673,Citroen
HR55AT9425,Citroen
HR55AT8975,Citroen
HR55AT7734,Citroen
HR55AT7465,Citroen
HR55AT7017,Citroen
HR55AT5490,NO_DEVICE
HR55AT4961,Citroen
HR55AT4466,Citroen
HR55AT4126,Citroen
HR55AT3749,Citroen
HR55АТ2721,NO_DEVICE
HR55AT2337,Citroen
HR55AT0968,Citroen
HR55AT0296,Citroen
KA51AK7503,Citroen
KA51AK7504,Citroen
KA51AK7501,Citroen
KA51AK7502,Citroen
KA51AK7500,Citroen
KA51AK7498,Citroen
KA51AK7496,Citroen
KA51AK7497,Citroen
KA51AK7494,Citroen
KA51AK7495,Citroen
KA03AK3356,Intellicar
KA03AK3342,Intellicar
KA03AK3341,Intellicar
KA03AK3343,Intellicar
KA03AK3335,Intellicar
KA03AK3332,Intellicar
KA03AK3340,Intellicar
KA03AK3348,Intellicar
KA03AK3347,Intellicar
KA03AK3353,Intellicar
KA05AQ4782,Intellicar
KA05AQ4860,Intellicar
KA05AQ4842,Intellicar
KA05AQ4867,Intellicar
KA05AQ4785,Intellicar
KA05AQ4783,Intellicar
KA05AQ4848,Intellicar
KA05AQ4850,Intellicar
KA05AQ4781,Intellicar
KA05AQ4863,Intellicar
KA05AQ4846,Intellicar
KA05AQ4859,Intellicar
KA05AQ4865,Intellicar
KA05AQ4849,Intellicar
KA05AQ4784,Intellicar
KA51AL2098,Citroen
KA51AL2095,Citroen
KA51AL2061,Intellicar
KA51AL2059,Intellicar
KA51AL2062,Intellicar
KA51AL2060,Intellicar
KA51AL2058,Intellicar
KA51AL2096,Citroen
KA51AL2097,Citroen
KA03AN4698,Intellicar
KA03AN4699,Intellicar
KA03AN4700,Intellicar
KA51AL0301,Intellicar
KA51AL0300,Intellicar
KA51AL0299,Intellicar
KA51AL0298,Intellicar
KA51AL0297,Intellicar
KA51AK8103,Citroen
KA03AN1959,Intellicar
KA51AK8102,Citroen
KA51AK8101,Citroen
KA51AK7781,Citroen
KA51AK7780,Citroen
KA03AN1961,Intellicar
KA03AN1960,Intellicar
KA03AN1958,Intellicar
KA03AN1957,Intellicar
KA03AN1956,Intellicar
KA51AK8105,Citroen
KA51AL0287,Intellicar
KA51AL0286,Intellicar
KA51AL0285,Intellicar
KA51AK8104,Citroen
KA51AL0284,Intellicar
KA51AL0283,Intellicar
KA51AK8108,Citroen
KA51AK8107,Citroen
KA51AK8106,Citroen
KA03AN1934,Intellicar
KA03AN1935,Intellicar
KA03AN1936,Intellicar
KA03AN1937,Intellicar
KA03AN1938,Intellicar
KA03AN1939,Intellicar
KA03AN1940,Intellicar
KA03AN1941,Intellicar
KA03AN1942,Intellicar
KA03AN1943,Intellicar
KA03AN1944,Intellicar
KA03AN1945,Intellicar
KA03AN1946,Intellicar
KA03AN1947,Intellicar
KA03AN1948,Intellicar
KA03AN1949,Intellicar
KA03AN1950,Intellicar
KA03AN1951,Intellicar
KA03AN1952,Intellicar
KA03AN1953,Intellicar
KA03AN1954,Intellicar
KA03AN1955,Intellicar
KA03AN1933,Intellicar